run, type, Ident, FE, AvgE, S, U, W, HO_PE, PB, SA, Valence, Coulomb, VdW, VdW6, VdW12, Bond, Angle, Pdihed, Idihed, Tether, RunTime, WallTime, Converged, Crashed
vm2,host,Cpptraj,605.924008525,422.807250278,183.116758247,333.80607646,-40.6639810459,129.66522077,-47.5032393372,6.8392582912,160.262130615,183.09212082,-9.5481749749,-164.653324445,155.10514947,5.3998344591,14.1741948221,140.688101333,0.0,0.0,483.58,484.0,yes,no
